{
    "table-5": {
        "x": 940.59375,
        "y": 43.3125
    },
    "table-4": {
        "x": 388.59375,
        "y": 394.3125
    },
    "table-2": {
        "x": 462.59375,
        "y": 27.3125
    },
    "table-3": {
        "x": 669.59375,
        "y": 230.3125
    },
    "table-6": {
        "x": 985.59375,
        "y": 317.3125
    },
    "table-1": {
        "x": 0,
        "y": 0
    },
    "table-7": {
        "x": 303.59375,
        "y": 205.3125
    },
    "table-8": {
        "x": 815.59375,
        "y": 403.3125
    }
}