{
    "table-5": {
        "x": 883.59375,
        "y": 53.3125
    },
    "table-4": {
        "x": 432.59375,
        "y": 410.3125
    },
    "table-2": {
        "x": 391.59375,
        "y": 42.3125
    },
    "table-3": {
        "x": 754.59375,
        "y": 323.3125
    },
    "table-6": {
        "x": 263.59375,
        "y": 207.3125
    },
    "table-1": {
        "x": 57.59375,
        "y": 357.3125
    },
    "table-7": {
        "x": 564.59375,
        "y": 208.3125
    },
    "table-8": {
        "x": 675.59375,
        "y": 29.3125
    }
}