{
    "table-5": {
        "x": 908.953125,
        "y": 80.609375
    },
    "table-4": {
        "x": 768.953125,
        "y": 279.609375
    },
    "table-2": {
        "x": 157.75,
        "y": 0
    },
    "table-3": {
        "x": 421.953125,
        "y": 216.609375
    },
    "table-6": {
        "x": 0,
        "y": 154.75
    },
    "table-1": {
        "x": 0,
        "y": 0
    },
    "table-7": {
        "x": 154.75,
        "y": 154.75
    },
    "table-8": {
        "x": 143.953125,
        "y": 406.203125
    },
    "table-9": {
        "x": 465.953125,
        "y": 388.203125
    }
}