{
    "table-5": {
        "x": 978.59375,
        "y": 282.3125
    },
    "table-4": {
        "x": 697.59375,
        "y": 205.3125
    },
    "table-2": {
        "x": 375.59375,
        "y": 285.3125
    },
    "table-3": {
        "x": 834.59375,
        "y": 9.3125
    },
    "table-6": {
        "x": 985.59375,
        "y": 317.3125
    },
    "table-1": {
        "x": 164.59375,
        "y": 44.3125
    },
    "table-7": {
        "x": 303.59375,
        "y": 205.3125
    },
    "table-8": {
        "x": 815.59375,
        "y": 403.3125
    }
}