{
    "table-5": {
        "x": 475.59375,
        "y": 352.3125
    },
    "table-4": {
        "x": 1045.59375,
        "y": 354.3125
    },
    "table-2": {
        "x": 529.59375,
        "y": 35.3125
    },
    "table-3": {
        "x": 708.59375,
        "y": 162.3125
    },
    "table-6": {
        "x": 307.59375,
        "y": 185.3125
    },
    "table-1": {
        "x": 0,
        "y": 0
    },
    "table-7": {
        "x": 229.59375,
        "y": 372.3125
    },
    "table-8": {
        "x": 929.59375,
        "y": 38.3125
    }
}