{
    "table-5": {
        "x": 298.59375,
        "y": 268.3125
    },
    "table-4": {
        "x": 1022.09375,
        "y": 142.8125
    },
    "table-2": {
        "x": 567.09375,
        "y": 21.8125
    },
    "table-3": {
        "x": 778.09375,
        "y": 172.8125
    },
    "table-6": {
        "x": 201.09375,
        "y": -11.1875
    },
    "table-1": {
        "x": 33.59375,
        "y": 32.3125
    }
}